[{"model": "temporalaps.client", "pk": 1, "fields": {"Nama": "Rara Aulia Putri", "Organisasi": "HIMA TG TERRA", "Telepon": "085695769322", "Email": "rara@gmail.com", "Valid_time_start": "2018-07-29", "Valid_time_end": "2018-09-30"}}, {"model": "temporalaps.client", "pk": 2, "fields": {"Nama": "Aditya Bayu Pratama", "Organisasi": "HMRH", "Telepon": "081211231222", "Email": "adiya@gmail.com", "Valid_time_start": "2018-08-15", "Valid_time_end": "2018-09-29"}}, {"model": "temporalaps.client", "pk": 3, "fields": {"Nama": "Afif Dauly", "Organisasi": "HMTM PATRA", "Telepon": "081176543211", "Email": "afif@gmail.com", "Valid_time_start": "2018-07-29", "Valid_time_end": "2018-10-01"}}, {"model": "temporalaps.client", "pk": 4, "fields": {"Nama": "Afif Hamzens", "Organisasi": "HME", "Telepon": "089716171819", "Email": "hamzens@yahoo.com", "Valid_time_start": "2018-07-28", "Valid_time_end": "2018-09-15"}}, {"model": "temporalaps.client", "pk": 5, "fields": {"Nama": "Dwi Sari Oktaviani", "Organisasi": "HIMATEK", "Telepon": "087812356718", "Email": "dwisari@ymail.com", "Valid_time_start": "2018-09-29", "Valid_time_end": "2018-11-01"}}, {"model": "temporalaps.client", "pk": 6, "fields": {"Nama": "Fadhil A", "Organisasi": "HMIF", "Telepon": "086521112311", "Email": "fadhil@students.itb.ac.id", "Valid_time_start": "2018-08-23", "Valid_time_end": "2018-10-26"}}, {"model": "temporalaps.client", "pk": 7, "fields": {"Nama": "Fahmi Iman", "Organisasi": "HMIF", "Telepon": "081277171777", "Email": "iman@rocketmail.com", "Valid_time_start": "2018-10-04", "Valid_time_end": "2018-10-31"}}, {"model": "temporalaps.client", "pk": 8, "fields": {"Nama": "Fitrah Ramadhan", "Organisasi": "HIMAMIKRO ARCHAEA", "Telepon": "081622782822", "Email": "fitrah@gmail.com", "Valid_time_start": "2018-10-04", "Valid_time_end": "2018-12-01"}}, {"model": "temporalaps.client", "pk": 9, "fields": {"Nama": "Gilang", "Organisasi": "HMM", "Telepon": "088817223146", "Email": "gilang@gmail.com", "Valid_time_start": "2018-09-26", "Valid_time_end": "2018-10-15"}}, {"model": "temporalaps.client", "pk": 10, "fields": {"Nama": "Intan", "Organisasi": "HMS", "Telepon": "091817111817", "Email": "intan@yahoo.com", "Valid_time_start": "2018-08-15", "Valid_time_end": "2018-09-15"}}, {"model": "temporalaps.client", "pk": 11, "fields": {"Nama": "Angel", "Organisasi": "HIMA TG TERRA", "Telepon": "085695769322", "Email": "Angel@gmail.com", "Valid_time_start": "2018-07-10", "Valid_time_end": "2018-10-14"}}, {"model": "temporalaps.client", "pk": 12, "fields": {"Nama": "Garry Putranto", "Organisasi": "HMRH", "Telepon": "081211231222", "Email": "Garry@gmail.com", "Valid_time_start": "2018-10-01", "Valid_time_end": "2018-11-28"}}, {"model": "temporalaps.client", "pk": 13, "fields": {"Nama": "Haidar", "Organisasi": "HMTM PATRA", "Telepon": "081176543211", "Email": "Haidar@yahoo.com", "Valid_time_start": "2018-08-04", "Valid_time_end": "2018-09-15"}}, {"model": "temporalaps.client", "pk": 14, "fields": {"Nama": "Hana Rikayasa", "Organisasi": "HME", "Telepon": "089716171819", "Email": "Hana@hotmail.com", "Valid_time_start": "2018-08-24", "Valid_time_end": "2018-09-15"}}, {"model": "temporalaps.client", "pk": 15, "fields": {"Nama": "Henry Liyanto", "Organisasi": "HIMATEK", "Telepon": "087812356718", "Email": "henry@gmail.com", "Valid_time_start": "2018-06-07", "Valid_time_end": "2018-08-17"}}, {"model": "temporalaps.client", "pk": 16, "fields": {"Nama": "Umar Al Faruqi", "Organisasi": "IPPDIG", "Telepon": "086521112311", "Email": "umar112@gmail.com", "Valid_time_start": "2018-05-14", "Valid_time_end": "2018-08-18"}}, {"model": "temporalaps.client", "pk": 17, "fields": {"Nama": "Wafi", "Organisasi": "IMK ARTHA", "Telepon": "081277171777", "Email": "wafi123@gmail.com", "Valid_time_start": "2018-08-15", "Valid_time_end": "2018-09-13"}}, {"model": "temporalaps.client", "pk": 18, "fields": {"Nama": "Zilmi Nugroho", "Organisasi": "HIMAMIKRO ARCHAEA", "Telepon": "081622782822", "Email": "zilmi@gmail.com", "Valid_time_start": "2018-09-15", "Valid_time_end": "2018-09-29"}}, {"model": "temporalaps.client", "pk": 19, "fields": {"Nama": "Sigit Prakarsa", "Organisasi": "HMM", "Telepon": "088817223146", "Email": "sigit16@gmail.com", "Valid_time_start": "2018-06-19", "Valid_time_end": "2018-09-15"}}, {"model": "temporalaps.client", "pk": 20, "fields": {"Nama": "Sukmayanti", "Organisasi": "HMS", "Telepon": "091817111817", "Email": "sukma98@yahoo.com", "Valid_time_start": "2018-07-11", "Valid_time_end": "2018-11-01"}}, {"model": "temporalaps.anggota", "pk": 13518001, "fields": {"Nama": "Fadhil A", "Alamat": "Jalan hasanuddin no 13", "Telepon": "086521112311", "Email": "fadhil@students.itb.ac.id", "Divisi": "Manpro"}}, {"model": "temporalaps.anggota", "pk": 13518002, "fields": {"Nama": "Fahmi Iman", "Alamat": "Jalan Buah batu no 18", "Telepon": "081277171777", "Email": "iman@rocketmail.com", "Divisi": "Manpro"}}, {"model": "temporalaps.anggota", "pk": 13518003, "fields": {"Nama": "Afti", "Alamat": "Jalan Kanayakan Baru nomor 40, Dago, Coblong", "Telepon": "082116688990", "Email": "afti@gmail.com", "Divisi": "Manpro"}}, {"model": "temporalaps.anggota", "pk": 13518004, "fields": {"Nama": "Fairuz", "Alamat": "Jl. Kebon Bibit no. 46/58 Tamansari, Bandung Wetan, Bandung, Jawa Barat", "Telepon": "082175954719", "Email": "fairuz@gmail.com", "Divisi": "Manpro"}}, {"model": "temporalaps.anggota", "pk": 13518005, "fields": {"Nama": "Rasyid", "Alamat": "Jl. Pelesiran No.18 Taman Sari", "Telepon": "082279552143", "Email": "rasyid@gmail.com", "Divisi": "Manpro"}}, {"model": "temporalaps.anggota", "pk": 13518006, "fields": {"Nama": "nabilla", "Alamat": "Jalan kanayakan dalam no.70, dago, coblong", "Telepon": "081997301103", "Email": "nabilla@yahoo.com", "Divisi": "Manpro"}}, {"model": "temporalaps.anggota", "pk": 13518007, "fields": {"Nama": "Andre", "Alamat": "jalan sulabungah no. 13, sukajadi, bandung", "Telepon": "082374441699", "Email": "andre@gmail.com", "Divisi": "Manpro"}}, {"model": "temporalaps.anggota", "pk": 13518008, "fields": {"Nama": "Syifa", "Alamat": "Jl plesiran no 82 /56", "Telepon": "081321994458", "Email": "syifa@yahoo.com", "Divisi": "Manpro"}}, {"model": "temporalaps.anggota", "pk": 13518009, "fields": {"Nama": "Bilal", "Alamat": "Jl. Lembah Parahyangan, gadobangkong, cimahi", "Telepon": "085768808096", "Email": "bilal@gmail.com", "Divisi": "Manpro"}}, {"model": "temporalaps.anggota", "pk": 13518010, "fields": {"Nama": "Billux", "Alamat": "Jl. Cisitu Lama IV No. 123A", "Telepon": "082216910700", "Email": "billux@gmail.com", "Divisi": "Manpro"}}, {"model": "temporalaps.anggota", "pk": 13518011, "fields": {"Nama": "Daniel", "Alamat": "Jln. Imam bonjol no 35 lebak gede, coblong", "Telepon": "081369348503", "Email": "daniel@yahoo.com", "Divisi": "Manpro"}}, {"model": "temporalaps.anggota", "pk": 13518012, "fields": {"Nama": "Dwije", "Alamat": "Jalan Cisitu Indah Dalam Gang Masjid no 18b/160c Dago, Coblong.", "Telepon": "085768123523", "Email": "dwijie@hotmail.com", "Divisi": "Manpro"}}, {"model": "temporalaps.anggota", "pk": 18218001, "fields": {"Nama": "Efvan", "Alamat": "Jalan pelesiran gg kahfi", "Telepon": "089631626874", "Email": "efvan@gmail.com", "Divisi": "Manpro"}}, {"model": "temporalaps.anggota", "pk": 18218002, "fields": {"Nama": "Fahri", "Alamat": "jl gelatik dalam no 42, sadang serang, coblong, kota bandung", "Telepon": "085768957327", "Email": "fahri@gmail.com", "Divisi": "Manpro"}}, {"model": "temporalaps.anggota", "pk": 18218003, "fields": {"Nama": "fani", "Alamat": "Jl. Taman Sari no 63", "Telepon": "081367953972", "Email": "fani@yahoo.com", "Divisi": "Manpro"}}, {"model": "temporalaps.proyek", "pk": 1, "fields": {"Nama": "Geofisika KIB 1", "Id_client": 1, "Id_iit": 13518001, "Jumlah_developer": 18, "Deskripsi": "Manajemen Proyek Geofisika Kabinet Indonesia Bersatu Jilid I", "Valid_time_start": "2018-08-01", "Valid_time_end": "2018-09-30", "Durasi": 60}}, {"model": "temporalaps.proyek", "pk": 2, "fields": {"Nama": "Rekayasa Pinus", "Id_client": 2, "Id_iit": 13518002, "Jumlah_developer": 10, "Deskripsi": "Proyek Rekayasa Genetika Pohon Pinus untuk Meningkatkan Kualitas Kertas", "Valid_time_start": "2018-08-15", "Valid_time_end": "2018-09-29", "Durasi": 45}}, {"model": "temporalaps.proyek", "pk": 3, "fields": {"Nama": "Pengeboran Pantai Papua", "Id_client": 3, "Id_iit": 13518003, "Jumlah_developer": 12, "Deskripsi": "Pengeboran Minyak di Lepas Pantai Papua", "Valid_time_start": "2018-07-29", "Valid_time_end": "2018-10-01", "Durasi": 64}}, {"model": "temporalaps.proyek", "pk": 4, "fields": {"Nama": "PLTN Tanjung Pinang", "Id_client": 4, "Id_iit": 13518004, "Jumlah_developer": 25, "Deskripsi": "Pembangungan Pembangkit Tenaga Listrik di Tanjung Pinang", "Valid_time_start": "2018-07-28", "Valid_time_end": "2018-09-15", "Durasi": 49}}, {"model": "temporalaps.proyek", "pk": 5, "fields": {"Nama": "Smart City Sumatra II", "Id_client": 5, "Id_iit": 13518005, "Jumlah_developer": 7, "Deskripsi": "Penerapan Matematika Teknik dalam Smart Project di Wiliyah Sumatra II", "Valid_time_start": "2018-09-29", "Valid_time_end": "2018-11-01", "Durasi": 33}}, {"model": "temporalaps.proyek", "pk": 6, "fields": {"Nama": "Smart City 4D", "Id_client": 6, "Id_iit": 13518006, "Jumlah_developer": 12, "Deskripsi": "Penggunaan Grafis 4D pada Smart City", "Valid_time_start": "2018-08-30", "Valid_time_end": "2018-10-26", "Durasi": 57}}, {"model": "temporalaps.proyek", "pk": 7, "fields": {"Nama": "Marketing Internet", "Id_client": 7, "Id_iit": 13518007, "Jumlah_developer": 43, "Deskripsi": "Penyuluhan Internet Marketing UMK Se-Jawa Barat Tahun 2017", "Valid_time_start": "2018-10-04", "Valid_time_end": "2018-10-31", "Durasi": 27}}, {"model": "temporalaps.proyek", "pk": 8, "fields": {"Nama": "Bibit Yoghurt", "Id_client": 8, "Id_iit": 13518008, "Jumlah_developer": 22, "Deskripsi": "Penggunaan Bibit Yogurt dalam Susu MP-ASI", "Valid_time_start": "2018-10-04", "Valid_time_end": "2018-12-01", "Durasi": 58}}, {"model": "temporalaps.proyek", "pk": 9, "fields": {"Nama": "Mobil Listrik", "Id_client": 9, "Id_iit": 13518009, "Jumlah_developer": 10, "Deskripsi": "Pengembangan Mobil Tenaga Listrik ", "Valid_time_start": "2018-10-01", "Valid_time_end": "2018-10-15", "Durasi": 14}}, {"model": "temporalaps.proyek", "pk": 10, "fields": {"Nama": "Jembatan SS", "Id_client": 10, "Id_iit": 13518010, "Jumlah_developer": 31, "Deskripsi": "Pembangunan Jembatan pada Selat Sunda ", "Valid_time_start": "2018-08-15", "Valid_time_end": "2018-09-15", "Durasi": 31}}, {"model": "temporalaps.proyek", "pk": 11, "fields": {"Nama": "KIB jilid II", "Id_client": 11, "Id_iit": 13518011, "Jumlah_developer": 19, "Deskripsi": "Manajemen Proyek Geofisika Kabinet Indonesia Bersatu Jilid II", "Valid_time_start": "2018-07-10", "Valid_time_end": "2018-10-14", "Durasi": 96}}, {"model": "temporalaps.proyek", "pk": 12, "fields": {"Nama": "Rekayasa stroberi", "Id_client": 12, "Id_iit": 13518012, "Jumlah_developer": 15, "Deskripsi": "Rekayasa Genetika Tanaman Buah Stroberi di Provinsi Kepulauan Riau", "Valid_time_start": "2018-10-01", "Valid_time_end": "2018-11-28", "Durasi": 58}}, {"model": "temporalaps.proyek", "pk": 13, "fields": {"Nama": "Bahan Bakar Emisi", "Id_client": 13, "Id_iit": 18218001, "Jumlah_developer": 20, "Deskripsi": "Uji Komposisi Bahan Bakar dan Emisi Pembakaran Pertalite", "Valid_time_start": "2018-08-04", "Valid_time_end": "2018-09-15", "Durasi": 42}}, {"model": "temporalaps.proyek", "pk": 14, "fields": {"Nama": "PLTN Kupang", "Id_client": 14, "Id_iit": 18218002, "Jumlah_developer": 23, "Deskripsi": "Uji Efektivitas Pembangkit Listrik Tenaga Surya Kupang, NTT", "Valid_time_start": "2018-08-24", "Valid_time_end": "2018-09-15", "Durasi": 22}}, {"model": "temporalaps.proyek", "pk": 15, "fields": {"Nama": "Smart City Kalimantan", "Id_client": 15, "Id_iit": 18218003, "Jumlah_developer": 8, "Deskripsi": "Penerapan Matematika Teknik dalam Smart Project di Wiliyah Kalimantan", "Valid_time_start": "2018-06-11", "Valid_time_end": "2018-08-17", "Durasi": 67}}, {"model": "temporalaps.proyek", "pk": 16, "fields": {"Nama": "Logo PLN", "Id_client": 16, "Id_iit": 13518003, "Jumlah_developer": 5, "Deskripsi": "Pengubahan Logo PLN Indonesia", "Valid_time_start": "2018-05-14", "Valid_time_end": "2018-08-18", "Durasi": 96}}, {"model": "temporalaps.proyek", "pk": 17, "fields": {"Nama": "Penyuluhan Wirausaha", "Id_client": 17, "Id_iit": 13518004, "Jumlah_developer": 25, "Deskripsi": "Penyuluhan Sadar Berwirausaha untuk Mahasiswa Perguruan Tinggi Negeri di Kota Bandung", "Valid_time_start": "2018-08-21", "Valid_time_end": "2018-09-13", "Durasi": 23}}, {"model": "temporalaps.proyek", "pk": 18, "fields": {"Nama": "Ternak Bibit Yohurt", "Id_client": 18, "Id_iit": 13518005, "Jumlah_developer": 34, "Deskripsi": "Penyuluhan Ternak Bibit Yogurt", "Valid_time_start": "2018-09-15", "Valid_time_end": "2018-09-29", "Durasi": 14}}, {"model": "temporalaps.proyek", "pk": 19, "fields": {"Nama": "Mesin Bor", "Id_client": 19, "Id_iit": 13518006, "Jumlah_developer": 14, "Deskripsi": "Perancangan Mesin Bor PT. PDAM Tirta Baghasari Bekasi", "Valid_time_start": "2018-07-01", "Valid_time_end": "2018-09-15", "Durasi": 76}}, {"model": "temporalaps.proyek", "pk": 20, "fields": {"Nama": "Pelabuhan Batam", "Id_client": 20, "Id_iit": 13518007, "Jumlah_developer": 45, "Deskripsi": "Pembangunan Pelabuhan Kelas Internasional Kota Batam, Provinsi Kepulauan Riau", "Valid_time_start": "2018-08-01", "Valid_time_end": "2018-11-01", "Durasi": 92}}]